epoch,train_subset_id,train_loss,val_loss,lr,best_val_loss_so_far,is_best,resume_path
9,3,100.10070481228298,350.44762129882815,0.001,113.06161658691406,0,/lustre/home/mariyam/GMI_project/checkpoints_chunked_resume/per_epoch/epoch_008_subset_0002.pt
10,4,94.04502452890608,164.76137478515625,0.001,113.06161658691406,0,/lustre/home/mariyam/GMI_project/checkpoints_chunked_resume/per_epoch/epoch_008_subset_0002.pt
11,5,103.955589431466,123.64727203247071,0.001,113.06161658691406,0,/lustre/home/mariyam/GMI_project/checkpoints_chunked_resume/per_epoch/epoch_008_subset_0002.pt
12,6,99.63920356140137,157.5694894921875,0.001,113.06161658691406,0,/lustre/home/mariyam/GMI_project/checkpoints_chunked_resume/per_epoch/epoch_008_subset_0002.pt
13,7,111.27914944786495,137.54847803344725,0.001,113.06161658691406,0,/lustre/home/mariyam/GMI_project/checkpoints_chunked_resume/per_epoch/epoch_008_subset_0002.pt
14,8,89.79905176798502,213.93027127441405,0.001,113.06161658691406,0,/lustre/home/mariyam/GMI_project/checkpoints_chunked_resume/per_epoch/epoch_008_subset_0002.pt
15,9,89.21525028470357,309.6154195336914,0.001,113.06161658691406,0,/lustre/home/mariyam/GMI_project/checkpoints_chunked_resume/per_epoch/epoch_008_subset_0002.pt
16,10,78.9222614218394,241.29318194213866,0.001,113.06161658691406,0,/lustre/home/mariyam/GMI_project/checkpoints_chunked_resume/per_epoch/epoch_008_subset_0002.pt
17,11,82.35375272583431,191.72714082763673,0.001,113.06161658691406,0,/lustre/home/mariyam/GMI_project/checkpoints_chunked_resume/per_epoch/epoch_008_subset_0002.pt
18,12,93.06520175120036,467.8524553564453,0.001,113.06161658691406,0,/lustre/home/mariyam/GMI_project/checkpoints_chunked_resume/per_epoch/epoch_008_subset_0002.pt
19,13,86.07456867582533,175.5266515966797,0.001,113.06161658691406,0,/lustre/home/mariyam/GMI_project/checkpoints_chunked_resume/per_epoch/epoch_008_subset_0002.pt
20,14,77.78218852087657,274.74220013305666,0.0005,113.06161658691406,0,/lustre/home/mariyam/GMI_project/checkpoints_chunked_resume/per_epoch/epoch_008_subset_0002.pt
21,15,65.20454072407617,207.73253263671876,0.0005,113.06161658691406,0,/lustre/home/mariyam/GMI_project/checkpoints_chunked_resume_valh5/per_epoch/epoch_020_subset_0014.pt
22,16,66.0109232849333,270.126781328125,0.0005,113.06161658691406,0,/lustre/home/mariyam/GMI_project/checkpoints_chunked_resume_valh5/per_epoch/epoch_020_subset_0014.pt
23,17,65.73496628415849,209.12946326416017,0.0005,113.06161658691406,0,/lustre/home/mariyam/GMI_project/checkpoints_chunked_resume_valh5/per_epoch/epoch_020_subset_0014.pt
24,18,83.92988312394884,170.51568681640626,0.0005,113.06161658691406,0,/lustre/home/mariyam/GMI_project/checkpoints_chunked_resume_valh5/per_epoch/epoch_020_subset_0014.pt
25,19,82.34128664266798,494.65401604858397,0.0005,113.06161658691406,0,/lustre/home/mariyam/GMI_project/checkpoints_chunked_resume_valh5/per_epoch/epoch_020_subset_0014.pt
26,20,69.68546445556217,154.13826054077148,0.0005,113.06161658691406,0,/lustre/home/mariyam/GMI_project/checkpoints_chunked_resume_valh5/per_epoch/epoch_020_subset_0014.pt
27,21,64.06108263297611,166.29592690185547,0.0005,113.06161658691406,0,/lustre/home/mariyam/GMI_project/checkpoints_chunked_resume_valh5/per_epoch/epoch_020_subset_0014.pt
28,22,68.07395300187005,183.3682367150879,0.0005,113.06161658691406,0,/lustre/home/mariyam/GMI_project/checkpoints_chunked_resume_valh5/per_epoch/epoch_020_subset_0014.pt
29,23,65.26092282926771,211.6779546081543,0.0005,113.06161658691406,0,/lustre/home/mariyam/GMI_project/checkpoints_chunked_resume_valh5/per_epoch/epoch_020_subset_0014.pt
30,24,81.9562430460612,166.45147916992187,0.0005,113.06161658691406,0,/lustre/home/mariyam/GMI_project/checkpoints_chunked_resume_valh5/per_epoch/epoch_020_subset_0014.pt
31,0,85.13153967446222,218.53430524414063,0.0005,113.06161658691406,6,0,/lustre/home/mariyam/GMI_project/checkpoints_chunked_resume_valh5/per_epoch/epoch_030_subset_0024.pt
32,1,73.81711136127048,256.0588857055664,0.0005,113.06161658691406,6,0,/lustre/home/mariyam/GMI_project/checkpoints_chunked_resume_valh5/per_epoch/epoch_030_subset_0024.pt
33,2,68.8239596675449,179.62026094116212,0.0005,113.06161658691406,6,0,/lustre/home/mariyam/GMI_project/checkpoints_chunked_resume_valh5/per_epoch/epoch_030_subset_0024.pt
34,3,65.83090774642096,326.8634468603516,0.0005,113.06161658691406,6,0,/lustre/home/mariyam/GMI_project/checkpoints_chunked_resume_valh5/per_epoch/epoch_030_subset_0024.pt
35,4,66.34037794723511,203.27835475585937,0.0005,113.06161658691406,6,0,/lustre/home/mariyam/GMI_project/checkpoints_chunked_resume_valh5/per_epoch/epoch_030_subset_0024.pt
36,5,82.11780946161483,441.8347356225586,0.0005,113.06161658691406,6,0,/lustre/home/mariyam/GMI_project/checkpoints_chunked_resume_valh5/per_epoch/epoch_030_subset_0024.pt
37,6,78.23309967091878,188.64801432495116,0.0005,113.06161658691406,6,0,/lustre/home/mariyam/GMI_project/checkpoints_chunked_resume_valh5/per_epoch/epoch_030_subset_0024.pt
38,7,70.26424361072117,157.81012766845703,0.0005,113.06161658691406,6,0,/lustre/home/mariyam/GMI_project/checkpoints_chunked_resume_valh5/per_epoch/epoch_030_subset_0024.pt
39,8,65.01699416565366,175.06223965576172,0.0005,113.06161658691406,6,0,/lustre/home/mariyam/GMI_project/checkpoints_chunked_resume_valh5/per_epoch/epoch_030_subset_0024.pt
40,9,64.17259428604973,228.29030927246095,0.0005,113.06161658691406,6,0,/lustre/home/mariyam/GMI_project/checkpoints_chunked_resume_valh5/per_epoch/epoch_030_subset_0024.pt
41,10,63.146849891853336,202.41988950195312,0.0005,113.06161658691406,6,0,/lustre/home/mariyam/GMI_project/checkpoints_chunked_resume_valh5/per_epoch/epoch_030_subset_0024.pt
42,11,69.89681926403046,182.31280756591798,0.0005,113.06161658691406,6,0,/lustre/home/mariyam/GMI_project/checkpoints_chunked_resume_valh5/per_epoch/epoch_030_subset_0024.pt
