timestamp,epoch,train_loss,val_loss,lr,best_val_loss_so_far,best_epoch,is_best,seconds_epoch,source_file,source_order
2026-06-16T01:27:50,1,811.7469587551541,185.2969343798828,0.001,185.2969343798828,1,1,5351.283187627792,checkpoints_fastseq_bs64_val2_gpu2_uuid/history.csv,0
2026-06-16T01:54:16,2,101.24195677558052,78.00931770019531,0.001,78.00931770019531,2,1,1585.1645846366882,checkpoints_fastseq_bs64_val2_gpu2_uuid/history.csv,0
2026-06-16T02:02:31,3,69.77047725626628,78.00931770019531,0.001,78.00931770019531,2,0,495.3731873035431,checkpoints_fastseq_bs64_val2_gpu2_uuid/history.csv,0
2026-06-16T02:11:16,4,59.43126040242513,61.15339655517578,0.001,61.15339655517578,4,1,525.2485272884369,checkpoints_fastseq_bs64_val2_gpu2_uuid/history.csv,0
2026-06-16T02:19:28,5,55.45112848985461,61.15339655517578,0.001,61.15339655517578,4,0,491.7502458095551,checkpoints_fastseq_bs64_val2_gpu2_uuid/history.csv,0
2026-06-16T02:28:14,6,52.222473692830405,57.00642650024414,0.001,57.00642650024414,6,1,525.8405532836914,checkpoints_fastseq_bs64_val2_gpu2_uuid/history.csv,0
2026-06-16T02:36:22,7,54.070895474243166,57.00642650024414,0.001,57.00642650024414,6,0,488.147173166275,checkpoints_fastseq_bs64_val2_gpu2_uuid/history.csv,0
2026-06-16T02:45:11,8,49.17740410190159,54.99684872680664,0.001,54.99684872680664,8,1,528.4192953109741,checkpoints_fastseq_bs64_val2_gpu2_uuid/history.csv,0
2026-06-16T02:53:27,9,47.42062895609538,54.99684872680664,0.001,54.99684872680664,8,0,496.0767228603363,checkpoints_fastseq_bs64_val2_gpu2_uuid/history.csv,0
2026-06-16T03:02:14,10,46.33134588419596,54.0994828149414,0.001,54.0994828149414,10,1,527.2924599647522,checkpoints_fastseq_bs64_val2_gpu2_uuid/history.csv,0
2026-06-16T03:10:28,11,45.56281843973795,54.0994828149414,0.001,54.0994828149414,10,0,493.3494219779968,checkpoints_fastseq_bs64_val2_gpu2_uuid/history.csv,0
2026-06-16T03:19:14,12,44.82268566894531,55.51172689086914,0.001,54.0994828149414,10,0,525.996603012085,checkpoints_fastseq_bs64_val2_gpu2_uuid/history.csv,0
2026-06-16T03:27:31,13,44.23093655938042,55.51172689086914,0.001,54.0994828149414,10,0,497.490526676178,checkpoints_fastseq_bs64_val2_gpu2_uuid/history.csv,0
2026-06-16T03:36:18,14,43.77637881266276,48.80091323608399,0.001,48.80091323608399,14,1,527.0984606742859,checkpoints_fastseq_bs64_val2_gpu2_uuid/history.csv,0
2026-06-16T17:09:33,15,46.37649165988498,40.38593663208008,0.0001,40.38593663208008,15,1,7363.148534059524,checkpoints_recover_epoch14_lr1e4_noamp_clip/history.csv,1
2026-06-16T17:18:18,16,39.78485076056587,39.90382419189453,0.0001,39.90382419189453,16,1,525.6908059120178,checkpoints_recover_epoch14_lr1e4_noamp_clip/history.csv,1
2026-06-16T17:27:01,17,39.50510842793783,39.86472159423828,0.0001,39.86472159423828,17,1,522.9437313079834,checkpoints_recover_epoch14_lr1e4_noamp_clip/history.csv,1
2026-06-16T17:35:45,18,39.5788846605089,40.07963540771485,0.0001,39.86472159423828,17,0,523.5916123390198,checkpoints_recover_epoch14_lr1e4_noamp_clip/history.csv,1
2026-06-16T17:44:32,19,39.41038970947265,39.65907666015625,0.0001,39.65907666015625,19,1,527.0719673633575,checkpoints_recover_epoch14_lr1e4_noamp_clip/history.csv,1
2026-06-16T17:53:23,20,39.246956788126624,39.83197760620117,0.0001,39.65907666015625,19,0,531.008615732193,checkpoints_recover_epoch14_lr1e4_noamp_clip/history.csv,1
2026-06-16T18:02:10,21,38.51788581271701,38.97930657592774,0.0001,38.97930657592774,21,1,526.9879350662231,checkpoints_recover_epoch14_lr1e4_noamp_clip/history.csv,1
2026-06-16T18:11:00,22,38.0287036336263,39.05041278991699,0.0001,38.97930657592774,21,0,530.2129833698273,checkpoints_recover_epoch14_lr1e4_noamp_clip/history.csv,1
2026-06-16T18:19:57,23,37.30602225613064,37.151282755737306,0.0001,37.151282755737306,23,1,536.9984750747681,checkpoints_recover_epoch14_lr1e4_noamp_clip/history.csv,1
2026-06-16T18:28:41,24,36.23191232198079,36.55966251098633,0.0001,36.55966251098633,24,1,522.9916932582855,checkpoints_recover_epoch14_lr1e4_noamp_clip/history.csv,1
2026-06-16T18:37:27,25,35.90645081448025,36.172981251831054,0.0001,36.172981251831054,25,1,526.4540657997131,checkpoints_recover_epoch14_lr1e4_noamp_clip/history.csv,1
2026-06-16T18:46:09,26,35.638975041707354,36.23309961608887,0.0001,36.172981251831054,25,0,521.4812250137329,checkpoints_recover_epoch14_lr1e4_noamp_clip/history.csv,1
2026-06-16T18:54:51,27,35.3820088812934,35.857413558349606,0.0001,35.857413558349606,27,1,522.6363472938538,checkpoints_recover_epoch14_lr1e4_noamp_clip/history.csv,1
2026-06-16T19:03:36,28,35.14391603393555,35.83121988708496,0.0001,35.83121988708496,28,1,524.6337144374847,checkpoints_recover_epoch14_lr1e4_noamp_clip/history.csv,1
2026-06-16T19:12:19,29,34.89705657077366,35.436465129394534,0.0001,35.436465129394534,29,1,523.0056216716766,checkpoints_recover_epoch14_lr1e4_noamp_clip/history.csv,1
2026-06-16T19:21:07,30,34.58184363606771,35.191800970458985,0.0001,35.191800970458985,30,1,528.1502547264099,checkpoints_recover_epoch14_lr1e4_noamp_clip/history.csv,1
2026-06-16T19:29:51,31,34.252559297688805,35.367180547485354,0.0001,35.191800970458985,30,0,523.0897197723389,checkpoints_recover_epoch14_lr1e4_noamp_clip/history.csv,1
2026-06-16T19:38:36,32,33.91632090759278,34.32711470703125,0.0001,34.32711470703125,32,1,525.4564197063446,checkpoints_recover_epoch14_lr1e4_noamp_clip/history.csv,1
2026-06-16T19:47:21,33,33.658949020046656,34.19453540649414,0.0001,34.19453540649414,33,1,524.5531802177429,checkpoints_recover_epoch14_lr1e4_noamp_clip/history.csv,1
2026-06-16T19:56:01,34,33.52218367682563,34.138504765625,0.0001,34.138504765625,34,1,520.5537638664246,checkpoints_recover_epoch14_lr1e4_noamp_clip/history.csv,1
2026-06-16T20:04:46,35,33.37196132473416,34.51051758605957,0.0001,34.138504765625,34,0,524.9543952941895,checkpoints_recover_epoch14_lr1e4_noamp_clip/history.csv,1
2026-06-16T20:13:31,36,33.25236240403917,33.90454429748535,0.0001,33.90454429748535,36,1,524.0721335411072,checkpoints_recover_epoch14_lr1e4_noamp_clip/history.csv,1
2026-06-16T20:22:11,37,33.13700340237088,33.92409147644043,0.0001,33.90454429748535,36,0,520.0150673389435,checkpoints_recover_epoch14_lr1e4_noamp_clip/history.csv,1
2026-06-16T20:30:52,38,33.07824715135362,33.59253692687988,0.0001,33.59253692687988,38,1,521.2598559856415,checkpoints_recover_epoch14_lr1e4_noamp_clip/history.csv,1
2026-06-17T14:26:32,39,32.581963517930774,33.491064086914065,3e-05,33.491064086914065,39,1,5688.446249246597,checkpoints_recover_lr3e5_from_epoch38/history.csv,2
2026-06-17T14:35:14,40,32.530400611029734,33.341536089477536,3e-05,33.341536089477536,40,1,521.6893353462219,checkpoints_recover_lr3e5_from_epoch38/history.csv,2
2026-06-17T14:43:53,41,32.49570462036133,33.3299237890625,3e-05,33.3299237890625,41,1,518.8979012966156,checkpoints_recover_lr3e5_from_epoch38/history.csv,2
2026-06-17T14:52:32,42,32.456965808105465,33.331667070922855,3e-05,33.3299237890625,41,0,519.5910651683807,checkpoints_recover_lr3e5_from_epoch38/history.csv,2
2026-06-17T15:01:25,43,32.426885673353404,33.2897787097168,3e-05,33.2897787097168,43,1,532.3598346710205,checkpoints_recover_lr3e5_from_epoch38/history.csv,2
2026-06-17T15:10:23,44,32.39128383076986,33.348255186157225,3e-05,33.2897787097168,43,0,538.0081784725189,checkpoints_recover_lr3e5_from_epoch38/history.csv,2
2026-06-17T15:19:20,45,32.36223913709853,33.24826755432129,3e-05,33.24826755432129,45,1,537.5445137023926,checkpoints_recover_lr3e5_from_epoch38/history.csv,2
2026-06-17T15:28:19,46,32.330956847805446,33.24131906982422,3e-05,33.24131906982422,46,1,538.6842896938324,checkpoints_recover_lr3e5_from_epoch38/history.csv,2
2026-06-17T15:37:20,47,32.29990127088759,33.31812585754395,3e-05,33.24131906982422,46,0,540.6588723659515,checkpoints_recover_lr3e5_from_epoch38/history.csv,2
2026-06-17T15:46:15,48,32.27293120252821,33.17333624267578,3e-05,33.17333624267578,48,1,534.7203299999237,checkpoints_recover_lr3e5_from_epoch38/history.csv,2
2026-06-17T15:55:10,49,32.247804026285806,33.22445395751953,3e-05,33.17333624267578,48,0,535.3094441890717,checkpoints_recover_lr3e5_from_epoch38/history.csv,2
2026-06-17T16:04:09,50,32.218091281806096,33.134633037109374,3e-05,33.134633037109374,50,1,538.2018113136292,checkpoints_recover_lr3e5_from_epoch38/history.csv,2
2026-06-17T16:13:05,51,32.19178244222005,33.139824692993166,3e-05,33.134633037109374,50,0,536.2777171134949,checkpoints_recover_lr3e5_from_epoch38/history.csv,2
2026-06-17T16:22:01,52,32.161547536892364,32.930027370605465,3e-05,32.930027370605465,52,1,536.039847612381,checkpoints_recover_lr3e5_from_epoch38/history.csv,2
2026-06-17T16:30:57,53,32.133640700954864,33.0453243774414,3e-05,32.930027370605465,52,0,535.7916452884674,checkpoints_recover_lr3e5_from_epoch38/history.csv,2
2026-06-17T16:39:53,54,32.111090771823456,32.99135115234375,3e-05,32.930027370605465,52,0,536.0910065174103,checkpoints_recover_lr3e5_from_epoch38/history.csv,2
2026-06-17T16:48:48,55,32.082486125352645,33.01163386413574,3e-05,32.930027370605465,52,0,534.8519213199615,checkpoints_recover_lr3e5_from_epoch38/history.csv,2
2026-06-17T16:57:43,56,32.054920332505965,33.11850716796875,3e-05,32.930027370605465,52,0,534.7086486816406,checkpoints_recover_lr3e5_from_epoch38/history.csv,2
2026-06-17T17:06:39,57,32.037479052734376,33.01309369140625,3e-05,32.930027370605465,52,0,536.9114148616791,checkpoints_recover_lr3e5_from_epoch38/history.csv,2
2026-06-17T17:15:36,58,32.010613335164386,33.02513553710938,3e-05,32.930027370605465,52,0,536.7404253482819,checkpoints_recover_lr3e5_from_epoch38/history.csv,2
2026-06-17T17:24:33,59,31.986082410007054,33.07743263916016,1.5e-05,32.930027370605465,52,0,536.5648398399353,checkpoints_recover_lr3e5_from_epoch38/history.csv,2
2026-06-17T17:33:30,60,31.87403847622341,32.7068611541748,1.5e-05,32.7068611541748,60,1,536.7079229354858,checkpoints_recover_lr3e5_from_epoch38/history.csv,2
